"Person ID",Name,Party,URI
24696,"Lord Aberdare",Crossbench,https://www.theyworkforyou.com/peer/24696/lord_aberdare
10003,"Baroness Adams of Craigielea",Labour,https://www.theyworkforyou.com/peer/10003/baroness_adams_of_craigielea
13368,"Lord Addington","Liberal Democrat",https://www.theyworkforyou.com/peer/13368/lord_addington
13369,"Lord Adebowale",Crossbench,https://www.theyworkforyou.com/peer/13369/lord_adebowale
13178,"Lord Adonis",Labour,https://www.theyworkforyou.com/peer/13178/lord_adonis
25718,"Lord Agnew of Oulton",Conservative,https://www.theyworkforyou.com/peer/25718/lord_agnew_of_oulton
25040,"Lord Ahmad of Wimbledon",Conservative,https://www.theyworkforyou.com/peer/25040/lord_ahmad_of_wimbledon
13371,"Lord Alderdice","Liberal Democrat",https://www.theyworkforyou.com/peer/13371/lord_alderdice
10007,"Lord Allan of Hallam","Liberal Democrat",https://www.theyworkforyou.com/peer/10007/lord_allan_of_hallam
25215,"Lord Allen of Kensington",Labour,https://www.theyworkforyou.com/peer/25215/lord_allen_of_kensington
13104,"Lord Alli",Labour,https://www.theyworkforyou.com/peer/13104/lord_alli
13445,"Lord Alliance","Liberal Democrat",https://www.theyworkforyou.com/peer/13445/lord_alliance
25445,"Baroness Altmann",Conservative,https://www.theyworkforyou.com/peer/25445/baroness_altmann
13103,"Lord Alton of Liverpool",Crossbench,https://www.theyworkforyou.com/peer/13103/lord_alton_of_liverpool
26035,"Lord Altrincham",Conservative,https://www.theyworkforyou.com/peer/26035/lord_altrincham
13102,"Baroness Amos",Labour,https://www.theyworkforyou.com/peer/13102/baroness_amos
25736,"Lord Anderson of Ipswich",Crossbench,https://www.theyworkforyou.com/peer/25736/lord_anderson_of_ipswich
25435,"Baroness Anderson of Stoke-on-Trent",Labour,https://www.theyworkforyou.com/peer/25435/baroness_anderson_of_stoke-on-trent
10011,"Lord Anderson of Swansea",Labour,https://www.theyworkforyou.com/peer/10011/lord_anderson_of_swansea
13108,"Baroness Andrews",Labour,https://www.theyworkforyou.com/peer/13108/baroness_andrews
13107,"Baroness Anelay of St Johns",Conservative,https://www.theyworkforyou.com/peer/13107/baroness_anelay_of_st_johns
10013,"Lord Arbuthnot of Edrom",Conservative,https://www.theyworkforyou.com/peer/10013/lord_arbuthnot_of_edrom
10014,"Baroness Armstrong of Hill Top",Labour,https://www.theyworkforyou.com/peer/10014/baroness_armstrong_of_hill_top
12883,"the Earl of Arran",Conservative,https://www.theyworkforyou.com/peer/12883/earl_of_arran
26100,"Lord Ashcombe",Conservative,https://www.theyworkforyou.com/peer/26100/lord_ashcombe
25146,"Lord Ashton of Hyde",Conservative,https://www.theyworkforyou.com/peer/25146/lord_ashton_of_hyde
12879,"Baroness Ashton of Upholland",Non-affiliated,https://www.theyworkforyou.com/peer/12879/baroness_ashton_of_upholland
12880,"Viscount Astor",Conservative,https://www.theyworkforyou.com/peer/12880/viscount_astor
12875,"Earl Attlee",Conservative,https://www.theyworkforyou.com/peer/12875/earl_attlee
11553,"Lord Austin of Dudley",Non-affiliated,https://www.theyworkforyou.com/peer/11553/lord_austin_of_dudley
13526,"Lord Bach",Labour,https://www.theyworkforyou.com/peer/13526/lord_bach
26262,"Lord Bailey of Paddington",Conservative,https://www.theyworkforyou.com/peer/26262/lord_bailey_of_paddington
13528,"Lord Baker of Dorking",Conservative,https://www.theyworkforyou.com/peer/13528/lord_baker_of_dorking
25045,"Baroness Bakewell",Labour,https://www.theyworkforyou.com/peer/25045/baroness_bakewell
25194,"Baroness Bakewell of Hardington Mandeville","Liberal Democrat",https://www.theyworkforyou.com/peer/25194/baroness_bakewell_of_hardington_mandeville
25209,"Lord Balfe",Conservative,https://www.theyworkforyou.com/peer/25209/lord_balfe
26292,"Lord Banner",Conservative,https://www.theyworkforyou.com/peer/26292/lord_banner
13524,"Baroness Barker","Liberal Democrat",https://www.theyworkforyou.com/peer/13524/baroness_barker
10713,"Lord Barker of Battle",Conservative,https://www.theyworkforyou.com/peer/10713/lord_barker_of_battle
25728,"Baroness Barran",Conservative,https://www.theyworkforyou.com/peer/25728/baroness_barran
24863,"Lord Barwell",Conservative,https://www.theyworkforyou.com/peer/24863/lord_barwell
13512,"Lord Bassam of Brighton",Labour,https://www.theyworkforyou.com/peer/13512/lord_bassam_of_brighton
14134,"Lord Bates",Conservative,https://www.theyworkforyou.com/peer/14134/lord_bates
10034,"Lord Beith","Liberal Democrat",https://www.theyworkforyou.com/peer/10034/lord_beith
26084,"Lord Bellamy",Conservative,https://www.theyworkforyou.com/peer/26084/lord_bellamy
10726,"Lord Bellingham",Conservative,https://www.theyworkforyou.com/peer/10726/lord_bellingham
24987,"Baroness Benjamin","Liberal Democrat",https://www.theyworkforyou.com/peer/24987/baroness_benjamin
25776,"Baroness Bennett of Manor Castle",Green,https://www.theyworkforyou.com/peer/25776/baroness_bennett_of_manor_castle
11727,"Lord Benyon",Conservative,https://www.theyworkforyou.com/peer/11727/lord_benyon
13505,"Lord Berkeley",Labour,https://www.theyworkforyou.com/peer/13505/lord_berkeley
25179,"Lord Berkeley of Knighton",Crossbench,https://www.theyworkforyou.com/peer/25179/lord_berkeley_of_knighton
25049,"Baroness Berridge",Conservative,https://www.theyworkforyou.com/peer/25049/baroness_berridge
25589,"Baroness Bertin",Conservative,https://www.theyworkforyou.com/peer/25589/baroness_bertin
13507,"Lord Best",Crossbench,https://www.theyworkforyou.com/peer/13507/lord_best
25740,"Lord Bethell",Conservative,https://www.theyworkforyou.com/peer/25740/lord_bethell
13926,"Lord Bew",Crossbench,https://www.theyworkforyou.com/peer/13926/lord_bew
24708,"Lord Bichard",Crossbench,https://www.theyworkforyou.com/peer/24708/lord_bichard
13881,"Lord Bilimoria",Crossbench,https://www.theyworkforyou.com/peer/13881/lord_bilimoria
13510,"Baroness Billingham",Labour,https://www.theyworkforyou.com/peer/13510/baroness_billingham
25479,"Lord Bird",Crossbench,https://www.theyworkforyou.com/peer/25479/lord_bird
13502,"Lord Birt",Crossbench,https://www.theyworkforyou.com/peer/13502/lord_birt
24996,"Lord Black of Brentwood",Conservative,https://www.theyworkforyou.com/peer/24996/lord_black_of_brentwood
25983,"Baroness Black of Strome",Crossbench,https://www.theyworkforyou.com/peer/25983/baroness_black_of_strome
13241,"Baroness Blackstone","Independent Labour",https://www.theyworkforyou.com/peer/13241/baroness_blackstone
13240,"Lord Blackwell",Conservative,https://www.theyworkforyou.com/peer/13240/lord_blackwell
24842,"Baroness Blackwood of North Oxford",Conservative,https://www.theyworkforyou.com/peer/24842/baroness_blackwood_of_north_oxford
25005,"Lord Blair of Boughton",Crossbench,https://www.theyworkforyou.com/peer/25005/lord_blair_of_boughton
25980,"Baroness Blake of Leeds",Labour,https://www.theyworkforyou.com/peer/25980/baroness_blake_of_leeds
10394,"Lord Blencathra",Conservative,https://www.theyworkforyou.com/peer/10394/lord_blencathra
25582,"Baroness Bloomfield of Hinton Waldrist",Conservative,https://www.theyworkforyou.com/peer/25582/baroness_bloomfield_of_hinton_waldrist
25777,"Baroness Blower",Labour,https://www.theyworkforyou.com/peer/25777/baroness_blower
10050,"Lord Blunkett",Labour,https://www.theyworkforyou.com/peer/10050/lord_blunkett
10052,"Lord Boateng",Labour,https://www.theyworkforyou.com/peer/10052/lord_boateng
12838,"Baroness Bonham-Carter of Yarnbury","Liberal Democrat",https://www.theyworkforyou.com/peer/12838/baroness_bonham-carter_of_yarnbury
26294,"Lord Booth",Conservative,https://www.theyworkforyou.com/peer/26294/lord_booth
25186,"Lord Borwick",Conservative,https://www.theyworkforyou.com/peer/25186/lord_borwick
10056,"Lord Boswell of Aynho",Non-affiliated,https://www.theyworkforyou.com/peer/10056/lord_boswell_of_aynho
25949,"Lord Botham",Crossbench,https://www.theyworkforyou.com/peer/25949/lord_botham
10058,"Baroness Bottomley of Nettlestone",Conservative,https://www.theyworkforyou.com/peer/10058/baroness_bottomley_of_nettlestone
25192,"Lord Bourne of Aberystwyth",Conservative,https://www.theyworkforyou.com/peer/25192/lord_bourne_of_aberystwyth
25476,"Baroness Bowles of Berkhamsted","Liberal Democrat",https://www.theyworkforyou.com/peer/25476/baroness_bowles_of_berkhamsted
12986,"Lord Bowness",Non-affiliated,https://www.theyworkforyou.com/peer/12986/lord_bowness
25735,"Baroness Boycott",Crossbench,https://www.theyworkforyou.com/peer/25735/baroness_boycott
13738,"Lord Boyd of Duncansby",Non-affiliated,https://www.theyworkforyou.com/peer/13738/lord_boyd_of_duncansby
10059,"Lord Bradley",Labour,https://www.theyworkforyou.com/peer/10059/lord_bradley
13028,"Lord Bradshaw","Liberal Democrat",https://www.theyworkforyou.com/peer/13028/lord_bradshaw
25249,"Baroness Brady",Conservative,https://www.theyworkforyou.com/peer/25249/baroness_brady
13034,"Lord Bragg",Labour,https://www.theyworkforyou.com/peer/13034/lord_bragg
24952,"Baroness Bray of Coln",Conservative,https://www.theyworkforyou.com/peer/24952/baroness_bray_of_coln
13635,"Lord Brennan",Non-affiliated,https://www.theyworkforyou.com/peer/13635/lord_brennan
13640,"Viscount Bridgeman",Conservative,https://www.theyworkforyou.com/peer/13640/viscount_bridgeman
25443,"Lord Bridges of Headley",Conservative,https://www.theyworkforyou.com/peer/25443/lord_bridges_of_headley
25066,"Baroness Brinton","Liberal Democrat",https://www.theyworkforyou.com/peer/25066/baroness_brinton
25959,"the Bishop of Bristol",Bishop,https://www.theyworkforyou.com/peer/25959/bishop_of_bristol
13611,"Lord Brooke of Alverthorpe",Labour,https://www.theyworkforyou.com/peer/13611/lord_brooke_of_alverthorpe
13613,"Viscount Brookeborough",Crossbench,https://www.theyworkforyou.com/peer/13613/viscount_brookeborough
25486,"Baroness Brown of Cambridge",Crossbench,https://www.theyworkforyou.com/peer/25486/baroness_brown_of_cambridge
13878,"Lord Browne of Belmont",DUP,https://www.theyworkforyou.com/peer/13878/lord_browne_of_belmont
10071,"Lord Browne of Ladyton",Labour,https://www.theyworkforyou.com/peer/10071/lord_browne_of_ladyton
13609,"Lord Browne of Madingley",Crossbench,https://www.theyworkforyou.com/peer/13609/lord_browne_of_madingley
10072,"Baroness Browning",Conservative,https://www.theyworkforyou.com/peer/10072/baroness_browning
25778,"Lord Brownlow of Shurlock Row",Conservative,https://www.theyworkforyou.com/peer/25778/lord_brownlow_of_shurlock_row
10074,"Lord Bruce of Bennachie","Liberal Democrat",https://www.theyworkforyou.com/peer/10074/lord_bruce_of_bennachie
25729,"Baroness Bryan of Partick",Labour,https://www.theyworkforyou.com/peer/25729/baroness_bryan_of_partick
25737,"Baroness Bull",Crossbench,https://www.theyworkforyou.com/peer/25737/baroness_bull
13721,"Lord Burnett","Liberal Democrat",https://www.theyworkforyou.com/peer/13721/lord_burnett
25720,"Lord Burnett of Maldon",Non-affiliated,https://www.theyworkforyou.com/peer/25720/lord_burnett_of_maldon
13430,"Lord Burns",Crossbench,https://www.theyworkforyou.com/peer/13430/lord_burns
11823,"Baroness Burt of Solihull","Liberal Democrat",https://www.theyworkforyou.com/peer/11823/baroness_burt_of_solihull
13451,"Baroness Buscombe",Conservative,https://www.theyworkforyou.com/peer/13451/baroness_buscombe
13347,"Lord Butler of Brockwell",Crossbench,https://www.theyworkforyou.com/peer/13347/lord_butler_of_brockwell
13879,"Baroness Butler-Sloss",Crossbench,https://www.theyworkforyou.com/peer/13879/baroness_butler-sloss
25591,"Lord Caine",Conservative,https://www.theyworkforyou.com/peer/25591/lord_caine
13351,"the Earl of Caithness",Conservative,https://www.theyworkforyou.com/peer/13351/earl_of_caithness
25250,"Lord Callanan",Conservative,https://www.theyworkforyou.com/peer/25250/lord_callanan
10777,"Lord Cameron of Chipping Norton",Conservative,https://www.theyworkforyou.com/peer/10777/lord_cameron_of_chipping_norton
13447,"Lord Cameron of Dillington",Crossbench,https://www.theyworkforyou.com/peer/13447/lord_cameron_of_dillington
26291,"Lord Cameron of Lochiel",Conservative,https://www.theyworkforyou.com/peer/26291/lord_cameron_of_lochiel
26283,"Lord Camoys",Conservative,https://www.theyworkforyou.com/peer/26283/lord_camoys
14147,"Baroness Campbell of Loughborough",Crossbench,https://www.theyworkforyou.com/peer/14147/baroness_campbell_of_loughborough
10088,"Lord Campbell of Pittenweem","Liberal Democrat",https://www.theyworkforyou.com/peer/10088/lord_campbell_of_pittenweem
13921,"Baroness Campbell of Surbiton",Crossbench,https://www.theyworkforyou.com/peer/13921/baroness_campbell_of_surbiton
10090,"Lord Campbell-Savours",Labour,https://www.theyworkforyou.com/peer/10090/lord_campbell-savours
26062,"Viscount Camrose",Conservative,https://www.theyworkforyou.com/peer/26062/viscount_camrose
25177,"the Archbishop of Canterbury",Bishop,https://www.theyworkforyou.com/peer/25177/archbishop_of_canterbury
13669,"Lord Carey of Clifton",Crossbench,https://www.theyworkforyou.com/peer/13669/lord_carey_of_clifton
13674,"Lord Carlile of Berriew",Crossbench,https://www.theyworkforyou.com/peer/13674/lord_carlile_of_berriew
26280,"Baroness Carr of Walton-on-the-Hill",Crossbench,https://www.theyworkforyou.com/peer/26280/baroness_carr_of_walton-on-the-hill
25743,"Lord Carrington",Crossbench,https://www.theyworkforyou.com/peer/25743/lord_carrington
16901,"Lord Carrington of Fulham",Conservative,https://www.theyworkforyou.com/peer/16901/lord_carrington_of_fulham
14139,"Lord Carter of Barnes",Non-affiliated,https://www.theyworkforyou.com/peer/14139/lord_carter_of_barnes
13199,"Lord Carter of Coles",Labour,https://www.theyworkforyou.com/peer/13199/lord_carter_of_coles
25928,"Lord Carter of Haslemere",Crossbench,https://www.theyworkforyou.com/peer/25928/lord_carter_of_haslemere
25963,"Baroness Casey of Blackstock",Crossbench,https://www.theyworkforyou.com/peer/25963/baroness_casey_of_blackstock
25246,"Lord Cashman",Non-affiliated,https://www.theyworkforyou.com/peer/25246/lord_cashman
13919,"Earl Cathcart",Conservative,https://www.theyworkforyou.com/peer/13919/earl_cathcart
25588,"Baroness Cavendish of Little Venice",Crossbench,https://www.theyworkforyou.com/peer/25588/baroness_cavendish_of_little_venice
13014,"Lord Chadlington",Conservative,https://www.theyworkforyou.com/peer/13014/lord_chadlington
25581,"Baroness Chakrabarti",Labour,https://www.theyworkforyou.com/peer/25581/baroness_chakrabarti
13010,"Viscount Chandos",Labour,https://www.theyworkforyou.com/peer/13010/viscount_chandos
24711,"Baroness Chapman of Darlington",Labour,https://www.theyworkforyou.com/peer/24711/baroness_chapman_of_darlington
13302,"Lord Chartres",Crossbench,https://www.theyworkforyou.com/peer/13302/lord_chartres
26039,"the Bishop of Chelmsford",Bishop,https://www.theyworkforyou.com/peer/26039/bishop_of_chelmsford
25739,"the Bishop of Chichester",Bishop,https://www.theyworkforyou.com/peer/25739/bishop_of_chichester
25241,"Baroness Chisholm of Owlpen",Conservative,https://www.theyworkforyou.com/peer/25241/baroness_chisholm_of_owlpen
25790,"Lord Choudrey",Conservative,https://www.theyworkforyou.com/peer/25790/lord_choudrey
13256,"Lord Christopher",Labour,https://www.theyworkforyou.com/peer/13256/lord_christopher
24991,"the Earl of Clancarty",Crossbench,https://www.theyworkforyou.com/peer/24991/earl_of_clancarty
10110,"Baroness Clark of Calton",Judge,https://www.theyworkforyou.com/peer/10110/baroness_clark_of_calton
11963,"Baroness Clark of Kilwinning",Labour,https://www.theyworkforyou.com/peer/11963/baroness_clark_of_kilwinning
10108,"Lord Clark of Windermere",Labour,https://www.theyworkforyou.com/peer/10108/lord_clark_of_windermere
13248,"Lord Clarke of Hampstead",Labour,https://www.theyworkforyou.com/peer/13248/lord_clarke_of_hampstead
10115,"Lord Clarke of Nottingham",Conservative,https://www.theyworkforyou.com/peer/10115/lord_clarke_of_nottingham
13517,"Lord Clement-Jones","Liberal Democrat",https://www.theyworkforyou.com/peer/13517/lord_clement-jones
10121,"Lord Coaker",Labour,https://www.theyworkforyou.com/peer/10121/lord_coaker
13515,"Baroness Cohen of Pimlico",Labour,https://www.theyworkforyou.com/peer/13515/baroness_cohen_of_pimlico
25610,"Lord Colgrain",Conservative,https://www.theyworkforyou.com/peer/25610/lord_colgrain
25048,"Lord Collins of Highbury",Labour,https://www.theyworkforyou.com/peer/25048/lord_collins_of_highbury
24686,"Lord Collins of Mapesbury",Judge,https://www.theyworkforyou.com/peer/24686/lord_collins_of_mapesbury
25147,"Viscount Colville of Culross",Crossbench,https://www.theyworkforyou.com/peer/25147/viscount_colville_of_culross
25237,"Lord Cooper of Windrush",Non-affiliated,https://www.theyworkforyou.com/peer/25237/lord_cooper_of_windrush
25590,"the Earl of Cork and Orrery",Crossbench,https://www.theyworkforyou.com/peer/25590/earl_of_cork_and_orrery
12873,"the Earl of Courtown",Conservative,https://www.theyworkforyou.com/peer/12873/earl_of_courtown
13922,"Baroness Coussins",Crossbench,https://www.theyworkforyou.com/peer/13922/baroness_coussins
13559,"Baroness Cox",Crossbench,https://www.theyworkforyou.com/peer/13559/baroness_cox
13235,"Lord Craig of Radley",Crossbench,https://www.theyworkforyou.com/peer/13235/lord_craig_of_radley
13599,"Viscount Craigavon",Crossbench,https://www.theyworkforyou.com/peer/13599/viscount_craigavon
12952,"Lord Crathorne",Conservative,https://www.theyworkforyou.com/peer/12952/lord_crathorne
13094,"Baroness Crawley",Labour,https://www.theyworkforyou.com/peer/13094/baroness_crawley
13731,"Lord Crisp",Crossbench,https://www.theyworkforyou.com/peer/13731/lord_crisp
25228,"Lord Cromwell",Crossbench,https://www.theyworkforyou.com/peer/25228/lord_cromwell
25971,"Lord Cruddas",Conservative,https://www.theyworkforyou.com/peer/25971/lord_cruddas
13099,"Baroness Cumberlege",Conservative,https://www.theyworkforyou.com/peer/13099/baroness_cumberlege
10146,"Lord Cunningham of Felling",Labour,https://www.theyworkforyou.com/peer/10146/lord_cunningham_of_felling
12966,"Lord Currie of Marylebone",Crossbench,https://www.theyworkforyou.com/peer/12966/lord_currie_of_marylebone
25149,"Lord Curry of Kirkharle",Crossbench,https://www.theyworkforyou.com/peer/25149/lord_curry_of_kirkharle
13444,"Baroness D'Souza",Crossbench,https://www.theyworkforyou.com/peer/13444/baroness_d%27souza
25050,"Lord Dannatt",Crossbench,https://www.theyworkforyou.com/peer/25050/lord_dannatt
25929,"Lord Darroch of Kew",Crossbench,https://www.theyworkforyou.com/peer/25929/lord_darroch_of_kew
13932,"Lord Darzi of Denham",Non-affiliated,https://www.theyworkforyou.com/peer/13932/lord_darzi_of_denham
13717,"Lord Davidson of Glen Clova",Labour,https://www.theyworkforyou.com/peer/13717/lord_davidson_of_glen_clova
26045,"Baroness Davidson of Lundin Links",Conservative,https://www.theyworkforyou.com/peer/26045/baroness_davidson_of_lundin_links
14145,"Lord Davies of Abersoch",Non-affiliated,https://www.theyworkforyou.com/peer/14145/lord_davies_of_abersoch
25950,"Lord Davies of Brixton",Labour,https://www.theyworkforyou.com/peer/25950/lord_davies_of_brixton
25355,"Lord Davies of Gower",Conservative,https://www.theyworkforyou.com/peer/25355/lord_davies_of_gower
13884,"Lord Dear",Crossbench,https://www.theyworkforyou.com/peer/13884/lord_dear
10249,"Lord Deben",Conservative,https://www.theyworkforyou.com/peer/10249/lord_deben
13322,"Baroness Deech",Crossbench,https://www.theyworkforyou.com/peer/13322/baroness_deech
25164,"Lord Deighton",Conservative,https://www.theyworkforyou.com/peer/25164/lord_deighton
25960,"the Bishop of Derby",Bishop,https://www.theyworkforyou.com/peer/25960/bishop_of_derby
13661,"Lord Desai",Non-affiliated,https://www.theyworkforyou.com/peer/13661/lord_desai
25738,"the Earl of Devon",Crossbench,https://www.theyworkforyou.com/peer/25738/earl_of_devon
13662,"Lord Dholakia","Liberal Democrat",https://www.theyworkforyou.com/peer/13662/lord_dholakia
25024,"Lord Dobbs",Conservative,https://www.theyworkforyou.com/peer/25024/lord_dobbs
10857,"Lord Dodds of Duncairn",DUP,https://www.theyworkforyou.com/peer/10857/lord_dodds_of_duncairn
24989,"Baroness Donaghy",Labour,https://www.theyworkforyou.com/peer/24989/baroness_donaghy
13651,"Lord Donoughue",Labour,https://www.theyworkforyou.com/peer/13651/lord_donoughue
25033,"Baroness Doocey","Liberal Democrat",https://www.theyworkforyou.com/peer/25033/baroness_doocey
26284,"Lord Douglas-Miller",Conservative,https://www.theyworkforyou.com/peer/26284/lord_douglas-miller
24990,"Baroness Drake",Labour,https://www.theyworkforyou.com/peer/24990/baroness_drake
13294,"Lord Drayson",Labour,https://www.theyworkforyou.com/peer/13294/lord_drayson
13000,"Lord Dubs",Labour,https://www.theyworkforyou.com/peer/13000/lord_dubs
25713,"Lord Duncan of Springbank",Conservative,https://www.theyworkforyou.com/peer/25713/lord_duncan_of_springbank
12999,"the Earl of Dundee",Conservative,https://www.theyworkforyou.com/peer/12999/earl_of_dundee
25441,"Lord Dunlop",Conservative,https://www.theyworkforyou.com/peer/25441/lord_dunlop
13051,"Lord Dykes",Crossbench,https://www.theyworkforyou.com/peer/13051/lord_dykes
12995,"Lord Eames",Crossbench,https://www.theyworkforyou.com/peer/12995/lord_eames
25003,"Baroness Eaton",Conservative,https://www.theyworkforyou.com/peer/25003/baroness_eaton
12998,"Lord Eatwell",Labour,https://www.theyworkforyou.com/peer/12998/lord_eatwell
13172,"Viscount Eccles",Conservative,https://www.theyworkforyou.com/peer/13172/viscount_eccles
12997,"Baroness Eccles of Moulton",Conservative,https://www.theyworkforyou.com/peer/12997/baroness_eccles_of_moulton
26101,"the Earl of Effingham",Conservative,https://www.theyworkforyou.com/peer/26101/earl_of_effingham
13234,"Lord Elis-Thomas",Non-affiliated,https://www.theyworkforyou.com/peer/13234/lord_elis-thomas
26285,"Lord Elliott of Mickle Fell",Conservative,https://www.theyworkforyou.com/peer/26285/lord_elliott_of_mickle_fell
25042,"Lord Empey",UUP,https://www.theyworkforyou.com/peer/25042/lord_empey
13229,"the Earl of Erroll",Crossbench,https://www.theyworkforyou.com/peer/13229/earl_of_erroll
25970,"Lord Etherton",Crossbench,https://www.theyworkforyou.com/peer/25970/lord_etherton
25245,"Baroness Evans of Bowes Park",Conservative,https://www.theyworkforyou.com/peer/25245/baroness_evans_of_bowes_park
24883,"Lord Evans of Rainow",Conservative,https://www.theyworkforyou.com/peer/24883/lord_evans_of_rainow
12852,"Lord Evans of Watford",Labour,https://www.theyworkforyou.com/peer/12852/lord_evans_of_watford
25257,"Lord Evans of Weardale",Crossbench,https://www.theyworkforyou.com/peer/25257/lord_evans_of_weardale
25472,"Lord Fairfax of Cameron",Conservative,https://www.theyworkforyou.com/peer/25472/lord_fairfax_of_cameron
25719,"Baroness Fairhead",Conservative,https://www.theyworkforyou.com/peer/25719/baroness_fairhead
12851,"Lord Falconer of Thoroton",Labour,https://www.theyworkforyou.com/peer/12851/lord_falconer_of_thoroton
13548,"Baroness Falkner of Margravine",Crossbench,https://www.theyworkforyou.com/peer/13548/baroness_falkner_of_margravine
25480,"Baroness Fall",Conservative,https://www.theyworkforyou.com/peer/25480/baroness_fall
25233,"Lord Farmer",Conservative,https://www.theyworkforyou.com/peer/25233/lord_farmer
12847,"Lord Faulkner of Worcester",Labour,https://www.theyworkforyou.com/peer/12847/lord_faulkner_of_worcester
25008,"Lord Faulks",Non-affiliated,https://www.theyworkforyou.com/peer/25008/lord_faulks
11641,"Baroness Featherstone","Liberal Democrat",https://www.theyworkforyou.com/peer/11641/baroness_featherstone
25023,"Lord Feldman of Elstree",Conservative,https://www.theyworkforyou.com/peer/25023/lord_feldman_of_elstree
25038,"Lord Fellowes of West Stafford",Conservative,https://www.theyworkforyou.com/peer/25038/lord_fellowes_of_west_stafford
13472,"Lord Filkin",Labour,https://www.theyworkforyou.com/peer/13472/lord_filkin
25051,"Lord Fink",Conservative,https://www.theyworkforyou.com/peer/25051/lord_fink
25201,"Lord Finkelstein",Conservative,https://www.theyworkforyou.com/peer/25201/lord_finkelstein
13471,"Baroness Finlay of Llandaff",Crossbench,https://www.theyworkforyou.com/peer/13471/baroness_finlay_of_llandaff
25473,"Baroness Finn",Conservative,https://www.theyworkforyou.com/peer/25473/baroness_finn
25951,"Baroness Fleet",Conservative,https://www.theyworkforyou.com/peer/25951/baroness_fleet
10201,"Lord Flight",Conservative,https://www.theyworkforyou.com/peer/10201/lord_flight
13474,"Baroness Fookes",Conservative,https://www.theyworkforyou.com/peer/13474/baroness_fookes
13740,"Baroness Ford",Crossbench,https://www.theyworkforyou.com/peer/13740/baroness_ford
13473,"Lord Forsyth of Drumlean",Conservative,https://www.theyworkforyou.com/peer/13473/lord_forsyth_of_drumlean
26112,"Baroness Foster of Aghadrumsee",Non-affiliated,https://www.theyworkforyou.com/peer/26112/baroness_foster_of_aghadrumsee
10208,"Lord Foster of Bath","Liberal Democrat",https://www.theyworkforyou.com/peer/10208/lord_foster_of_bath
25972,"Baroness Foster of Oxton",Conservative,https://www.theyworkforyou.com/peer/25972/baroness_foster_of_oxton
10211,"Lord Foulkes of Cumnock",Labour,https://www.theyworkforyou.com/peer/10211/lord_foulkes_of_cumnock
10212,"Lord Fowler",Non-affiliated,https://www.theyworkforyou.com/peer/10212/lord_fowler
25240,"Lord Fox","Liberal Democrat",https://www.theyworkforyou.com/peer/25240/lord_fox
25961,"Baroness Fox of Buckley",Non-affiliated,https://www.theyworkforyou.com/peer/25961/baroness_fox_of_buckley
10370,"Lord Framlingham",Conservative,https://www.theyworkforyou.com/peer/10370/lord_framlingham
25973,"Baroness Fraser of Craigmaddie",Conservative,https://www.theyworkforyou.com/peer/25973/baroness_fraser_of_craigmaddie
26307,"Baroness Freeman of Steventon",Crossbench,https://www.theyworkforyou.com/peer/26307/baroness_freeman_of_steventon
24689,"Lord Freud",Conservative,https://www.theyworkforyou.com/peer/24689/lord_freud
13308,"Lord Freyberg",Crossbench,https://www.theyworkforyou.com/peer/13308/lord_freyberg
25943,"Lord Frost",Conservative,https://www.theyworkforyou.com/peer/25943/lord_frost
24801,"Baroness Fullbrook",Conservative,https://www.theyworkforyou.com/peer/24801/baroness_fullbrook
26296,"Lord Fuller",Conservative,https://www.theyworkforyou.com/peer/26296/lord_fuller
25584,"Lord Gadhia",Non-affiliated,https://www.theyworkforyou.com/peer/25584/lord_gadhia
13310,"Baroness Gale",Labour,https://www.theyworkforyou.com/peer/13310/baroness_gale
13938,"Baroness Garden of Frognal","Liberal Democrat",https://www.theyworkforyou.com/peer/13938/baroness_garden_of_frognal
24980,"Lord Gardiner of Kimble",Conservative,https://www.theyworkforyou.com/peer/24980/lord_gardiner_of_kimble
10221,"Lord Garnier",Conservative,https://www.theyworkforyou.com/peer/10221/lord_garnier
26263,"Lord Gascoigne",Conservative,https://www.theyworkforyou.com/peer/26263/lord_gascoigne
13061,"Lord Geddes",Conservative,https://www.theyworkforyou.com/peer/13061/lord_geddes
25721,"Lord Geidt",Crossbench,https://www.theyworkforyou.com/peer/25721/lord_geidt
24984,"Lord German","Liberal Democrat",https://www.theyworkforyou.com/peer/24984/lord_german
13483,"Lord Giddens",Labour,https://www.theyworkforyou.com/peer/13483/lord_giddens
25456,"Lord Gilbert of Panteg",Conservative,https://www.theyworkforyou.com/peer/25456/lord_gilbert_of_panteg
13170,"the Earl of Glasgow","Liberal Democrat",https://www.theyworkforyou.com/peer/13170/earl_of_glasgow
25068,"Lord Glasman",Labour,https://www.theyworkforyou.com/peer/25068/lord_glasman
12919,"Lord Glenarthur",Conservative,https://www.theyworkforyou.com/peer/12919/lord_glenarthur
25070,"Lord Glendonbrook",Conservative,https://www.theyworkforyou.com/peer/25070/lord_glendonbrook
25461,"the Bishop of Gloucester",Bishop,https://www.theyworkforyou.com/peer/25461/bishop_of_gloucester
25247,"Lord Goddard of Stockport","Liberal Democrat",https://www.theyworkforyou.com/peer/25247/lord_goddard_of_stockport
25974,"Lord Godson",Conservative,https://www.theyworkforyou.com/peer/25974/lord_godson
26087,"Baroness Gohir",Crossbench,https://www.theyworkforyou.com/peer/26087/baroness_gohir
25054,"Lord Gold",Conservative,https://www.theyworkforyou.com/peer/25054/lord_gold
13998,"Baroness Goldie",Conservative,https://www.theyworkforyou.com/peer/13998/baroness_goldie
10233,"Baroness Golding",Labour,https://www.theyworkforyou.com/peer/10233/baroness_golding
12924,"Lord Goldsmith",Labour,https://www.theyworkforyou.com/peer/12924/lord_goldsmith
24911,"Lord Goldsmith of Richmond Park",Conservative,https://www.theyworkforyou.com/peer/24911/lord_goldsmith_of_richmond_park
26298,"Lord Goodman of Wycombe",Conservative,https://www.theyworkforyou.com/peer/26298/lord_goodman_of_wycombe
12914,"Viscount Goschen",Conservative,https://www.theyworkforyou.com/peer/12914/viscount_goschen
12915,"Baroness Goudie",Labour,https://www.theyworkforyou.com/peer/12915/baroness_goudie
13568,"Lord Grabiner",Crossbench,https://www.theyworkforyou.com/peer/13568/lord_grabiner
25065,"Lord Grade of Yarmouth",Conservative,https://www.theyworkforyou.com/peer/25065/lord_grade_of_yarmouth
13570,"Lord Grantchester",Labour,https://www.theyworkforyou.com/peer/13570/lord_grantchester
25254,"Lord Green of Deddington",Crossbench,https://www.theyworkforyou.com/peer/25254/lord_green_of_deddington
25017,"Lord Green of Hurstpierpoint",Crossbench,https://www.theyworkforyou.com/peer/25017/lord_green_of_hurstpierpoint
13574,"Baroness Greenfield",Crossbench,https://www.theyworkforyou.com/peer/13574/baroness_greenfield
25937,"Lord Greenhalgh",Conservative,https://www.theyworkforyou.com/peer/25937/lord_greenhalgh
13560,"Lord Greenway",Crossbench,https://www.theyworkforyou.com/peer/13560/lord_greenway
25188,"Baroness Grender","Liberal Democrat",https://www.theyworkforyou.com/peer/25188/baroness_grender
24707,"Baroness Grey-Thompson",Crossbench,https://www.theyworkforyou.com/peer/24707/baroness_grey-thompson
12837,"Lord Griffiths of Burry Port",Labour,https://www.theyworkforyou.com/peer/12837/lord_griffiths_of_burry_port
13417,"Lord Griffiths of Fforestfach",Conservative,https://www.theyworkforyou.com/peer/13417/lord_griffiths_of_fforestfach
25938,"Lord Grimstone of Boscobel",Conservative,https://www.theyworkforyou.com/peer/25938/lord_grimstone_of_boscobel
10247,"Lord Grocott",Labour,https://www.theyworkforyou.com/peer/10247/lord_grocott
26057,"the Bishop of Guildford",Bishop,https://www.theyworkforyou.com/peer/26057/bishop_of_guildford
26054,"Lord Hacking",Labour,https://www.theyworkforyou.com/peer/26054/lord_hacking
10251,"Lord Hague of Richmond",Conservative,https://www.theyworkforyou.com/peer/10251/lord_hague_of_richmond
10283,"Viscount Hailsham",Conservative,https://www.theyworkforyou.com/peer/10283/viscount_hailsham
10252,"Lord Hain",Labour,https://www.theyworkforyou.com/peer/10252/lord_hain
12840,"Baroness Hale of Richmond",Judge,https://www.theyworkforyou.com/peer/12840/baroness_hale_of_richmond
24705,"Lord Hall of Birkenhead",Crossbench,https://www.theyworkforyou.com/peer/24705/lord_hall_of_birkenhead
25779,"Baroness Hallett",Crossbench,https://www.theyworkforyou.com/peer/25779/baroness_hallett
13923,"Lord Hameed",Crossbench,https://www.theyworkforyou.com/peer/13923/lord_hameed
10255,"Lord Hamilton of Epsom",Conservative,https://www.theyworkforyou.com/peer/10255/lord_hamilton_of_epsom
10257,"Lord Hammond of Runnymede",Conservative,https://www.theyworkforyou.com/peer/10257/lord_hammond_of_runnymede
26096,"Lord Hampton",Crossbench,https://www.theyworkforyou.com/peer/26096/lord_hampton
13422,"Baroness Hamwee","Liberal Democrat",https://www.theyworkforyou.com/peer/13422/baroness_hamwee
25975,"Lord Hannan of Kingsclere",Conservative,https://www.theyworkforyou.com/peer/25975/lord_hannan_of_kingsclere
13140,"Lord Hannay of Chiswick",Crossbench,https://www.theyworkforyou.com/peer/13140/lord_hannay_of_chiswick
26300,"Lord Hannett of Everton",Labour,https://www.theyworkforyou.com/peer/26300/lord_hannett_of_everton
13139,"Lord Hanningfield",Non-affiliated,https://www.theyworkforyou.com/peer/13139/lord_hanningfield
10259,"Lord Hanson of Flint",Labour,https://www.theyworkforyou.com/peer/10259/lord_hanson_of_flint
25071,"Viscount Hanworth",Labour,https://www.theyworkforyou.com/peer/25071/viscount_hanworth
13137,"Lord Hardie",Judge,https://www.theyworkforyou.com/peer/13137/lord_hardie
25239,"Baroness Harding of Winscombe",Conservative,https://www.theyworkforyou.com/peer/25239/baroness_harding_of_winscombe
26046,"Lord Harlech",Conservative,https://www.theyworkforyou.com/peer/26046/lord_harlech
13168,"Lord Harries of Pentregarth",Crossbench,https://www.theyworkforyou.com/peer/13168/lord_harries_of_pentregarth
24954,"Lord Harrington of Watford",Conservative,https://www.theyworkforyou.com/peer/24954/lord_harrington_of_watford
13135,"Lord Harris of Haringey",Labour,https://www.theyworkforyou.com/peer/13135/lord_harris_of_haringey
13133,"Lord Harris of Peckham",Conservative,https://www.theyworkforyou.com/peer/13133/lord_harris_of_peckham
13148,"Baroness Harris of Richmond","Liberal Democrat",https://www.theyworkforyou.com/peer/13148/baroness_harris_of_richmond
10263,"Lord Haselhurst",Conservative,https://www.theyworkforyou.com/peer/10263/lord_haselhurst
13499,"Lord Haskel",Labour,https://www.theyworkforyou.com/peer/13499/lord_haskel
13718,"Lord Hastings of Scarisbrick",Crossbench,https://www.theyworkforyou.com/peer/13718/lord_hastings_of_scarisbrick
25206,"Lord Haughey",Labour,https://www.theyworkforyou.com/peer/25206/lord_haughey
13799,"Lord Hay of Ballyore",DUP,https://www.theyworkforyou.com/peer/13799/lord_hay_of_ballyore
13495,"Baroness Hayman",Crossbench,https://www.theyworkforyou.com/peer/13495/baroness_hayman
25358,"Baroness Hayman of Ullock",Labour,https://www.theyworkforyou.com/peer/25358/baroness_hayman_of_ullock
24973,"Baroness Hayter of Kentish Town",Labour,https://www.theyworkforyou.com/peer/24973/baroness_hayter_of_kentish_town
17722,"Lord Hayward",Conservative,https://www.theyworkforyou.com/peer/17722/lord_hayward
26304,"Baroness Hazarika",Labour,https://www.theyworkforyou.com/peer/26304/baroness_hazarika
25004,"Baroness Healy of Primrose Hill",Labour,https://www.theyworkforyou.com/peer/25004/baroness_healy_of_primrose_hill
25253,"Baroness Helic",Conservative,https://www.theyworkforyou.com/peer/25253/baroness_helic
25780,"Lord Hendy",Labour,https://www.theyworkforyou.com/peer/25780/lord_hendy
26114,"Lord Hendy of Richmond Hill",Crossbench,https://www.theyworkforyou.com/peer/26114/lord_hendy_of_richmond_hill
13493,"Lord Henley",Conservative,https://www.theyworkforyou.com/peer/13493/lord_henley
25018,"Lord Hennessy of Nympsfield",Crossbench,https://www.theyworkforyou.com/peer/25018/lord_hennessy_of_nympsfield
11377,"Lord Herbert of South Downs",Conservative,https://www.theyworkforyou.com/peer/11377/lord_herbert_of_south_downs
26281,"the Bishop of Hereford",Bishop,https://www.theyworkforyou.com/peer/26281/bishop_of_hereford
26642,"Lord Hermer",Labour,https://www.theyworkforyou.com/peer/26642/lord_hermer
10276,"Lord Heseltine",Non-affiliated,https://www.theyworkforyou.com/peer/10276/lord_heseltine
24969,"Lord Hill of Oareford",Conservative,https://www.theyworkforyou.com/peer/24969/lord_hill_of_oareford
26108,"Lord Hintze",Conservative,https://www.theyworkforyou.com/peer/26108/lord_hintze
25199,"Baroness Hodgson of Abinger",Conservative,https://www.theyworkforyou.com/peer/25199/baroness_hodgson_of_abinger
13226,"Lord Hodgson of Astley Abbotts",Conservative,https://www.theyworkforyou.com/peer/13226/lord_hodgson_of_astley_abbotts
10282,"Baroness Hoey",Non-affiliated,https://www.theyworkforyou.com/peer/10282/baroness_hoey
13221,"Lord Hoffmann",Crossbench,https://www.theyworkforyou.com/peer/13221/lord_hoffmann
25722,"Lord Hogan-Howe",Crossbench,https://www.theyworkforyou.com/peer/25722/lord_hogan-howe
13220,"Baroness Hogg",Crossbench,https://www.theyworkforyou.com/peer/13220/baroness_hogg
13222,"Lord Hollick",Labour,https://www.theyworkforyou.com/peer/13222/lord_hollick
25016,"Baroness Hollins",Crossbench,https://www.theyworkforyou.com/peer/25016/baroness_hollins
25208,"Lord Holmes of Richmond",Conservative,https://www.theyworkforyou.com/peer/25208/lord_holmes_of_richmond
13081,"Baroness Hooper",Conservative,https://www.theyworkforyou.com/peer/13081/baroness_hooper
13079,"Lord Hope of Craighead",Judge,https://www.theyworkforyou.com/peer/13079/lord_hope_of_craighead
25187,"Lord Horam",Conservative,https://www.theyworkforyou.com/peer/25187/lord_horam
26266,"Lord Houchen of High Leven",Conservative,https://www.theyworkforyou.com/peer/26266/lord_houchen_of_high_leven
25723,"Lord Houghton of Richmond",Crossbench,https://www.theyworkforyou.com/peer/25723/lord_houghton_of_richmond
10290,"Lord Howard of Lympne",Conservative,https://www.theyworkforyou.com/peer/10290/lord_howard_of_lympne
13201,"Lord Howard of Rising",Conservative,https://www.theyworkforyou.com/peer/13201/lord_howard_of_rising
13078,"Baroness Howarth of Breckland",Crossbench,https://www.theyworkforyou.com/peer/13078/baroness_howarth_of_breckland
10291,"Lord Howarth of Newport",Labour,https://www.theyworkforyou.com/peer/10291/lord_howarth_of_newport
13077,"Earl Howe",Conservative,https://www.theyworkforyou.com/peer/13077/earl_howe
13074,"Lord Howell of Guildford",Conservative,https://www.theyworkforyou.com/peer/13074/lord_howell_of_guildford
10296,"Baroness Hughes of Stretford",Labour,https://www.theyworkforyou.com/peer/10296/baroness_hughes_of_stretford
25202,"Baroness Humphreys","Liberal Democrat",https://www.theyworkforyou.com/peer/25202/baroness_humphreys
25781,"Baroness Hunt of Bethnal Green",Crossbench,https://www.theyworkforyou.com/peer/25781/baroness_hunt_of_bethnal_green
13353,"Lord Hunt of Kings Heath",Labour,https://www.theyworkforyou.com/peer/13353/lord_hunt_of_kings_heath
13355,"Lord Hunt of Wirral",Conservative,https://www.theyworkforyou.com/peer/13355/lord_hunt_of_wirral
25046,"Lord Hussain","Liberal Democrat",https://www.theyworkforyou.com/peer/25046/lord_hussain
24983,"Baroness Hussein-Ece","Liberal Democrat",https://www.theyworkforyou.com/peer/24983/baroness_hussein-ece
10303,"Lord Hutton of Furness",Labour,https://www.theyworkforyou.com/peer/10303/lord_hutton_of_furness
13490,"Lord Inglewood",Non-affiliated,https://www.theyworkforyou.com/peer/13490/lord_inglewood
13489,"Lord Irvine of Lairg",Labour,https://www.theyworkforyou.com/peer/13489/lord_irvine_of_lairg
11759,"Lord Jackson of Peterborough",Conservative,https://www.theyworkforyou.com/peer/11759/lord_jackson_of_peterborough
13880,"Lord James of Blackheath",Conservative,https://www.theyworkforyou.com/peer/13880/lord_james_of_blackheath
26299,"Lord Jamieson",Conservative,https://www.theyworkforyou.com/peer/26299/lord_jamieson
25252,"Baroness Janke","Liberal Democrat",https://www.theyworkforyou.com/peer/25252/baroness_janke
13939,"Lord Janvrin",Crossbench,https://www.theyworkforyou.com/peer/13939/lord_janvrin
13886,"Lord Jay of Ewelme",Crossbench,https://www.theyworkforyou.com/peer/13886/lord_jay_of_ewelme
12860,"Baroness Jay of Paddington",Labour,https://www.theyworkforyou.com/peer/12860/baroness_jay_of_paddington
25064,"Baroness Jenkin of Kennington",Conservative,https://www.theyworkforyou.com/peer/25064/baroness_jenkin_of_kennington
26094,"Lord Johnson of Lainston",Conservative,https://www.theyworkforyou.com/peer/26094/lord_johnson_of_lainston
24895,"Lord Johnson of Marylebone",Conservative,https://www.theyworkforyou.com/peer/24895/lord_johnson_of_marylebone
10317,"Lord Jones",Labour,https://www.theyworkforyou.com/peer/10317/lord_jones
25214,"Baroness Jones of Moulsecoomb",Green,https://www.theyworkforyou.com/peer/25214/baroness_jones_of_moulsecoomb
13877,"Baroness Jones of Whitchurch",Labour,https://www.theyworkforyou.com/peer/13877/baroness_jones_of_whitchurch
12866,"Lord Jopling",Conservative,https://www.theyworkforyou.com/peer/12866/lord_jopling
12990,"Lord Jordan",Labour,https://www.theyworkforyou.com/peer/12990/lord_jordan
24704,"Lord Kakkar",Crossbench,https://www.theyworkforyou.com/peer/24704/lord_kakkar
25976,"Lord Kamall",Conservative,https://www.theyworkforyou.com/peer/25976/lord_kamall
11943,"Baroness Keeley",Labour,https://www.theyworkforyou.com/peer/11943/baroness_keeley
25446,"Lord Keen of Elie",Conservative,https://www.theyworkforyou.com/peer/25446/lord_keen_of_elie
26264,"Lord Kempsell",Conservative,https://www.theyworkforyou.com/peer/26264/lord_kempsell
25212,"Baroness Kennedy of Cradley",Non-affiliated,https://www.theyworkforyou.com/peer/25212/baroness_kennedy_of_cradley
24986,"Lord Kennedy of Southwark",Labour,https://www.theyworkforyou.com/peer/24986/lord_kennedy_of_southwark
12994,"Baroness Kennedy of The Shaws",Labour,https://www.theyworkforyou.com/peer/12994/baroness_kennedy_of_the_shaws
13443,"Lord Kerr of Kinlochard",Crossbench,https://www.theyworkforyou.com/peer/13443/lord_kerr_of_kinlochard
25061,"Lord Kestenbaum",Labour,https://www.theyworkforyou.com/peer/25061/lord_kestenbaum
25981,"Lord Khan of Burnley",Labour,https://www.theyworkforyou.com/peer/25981/lord_khan_of_burnley
25163,"Baroness Kidron",Crossbench,https://www.theyworkforyou.com/peer/25163/baroness_kidron
10589,"Lord Kilclooney",Crossbench,https://www.theyworkforyou.com/peer/10589/lord_kilclooney
10342,"Lord King of Bridgwater",Conservative,https://www.theyworkforyou.com/peer/10342/lord_king_of_bridgwater
25185,"Lord King of Lothbury",Crossbench,https://www.theyworkforyou.com/peer/25185/lord_king_of_lothbury
13726,"Baroness Kingsmill",Labour,https://www.theyworkforyou.com/peer/13726/baroness_kingsmill
13171,"Lord Kinnock",Labour,https://www.theyworkforyou.com/peer/13171/lord_kinnock
25266,"the Earl of Kinnoull",Non-affiliated,https://www.theyworkforyou.com/peer/25266/earl_of_kinnoull
13219,"Lord Kirkham",Conservative,https://www.theyworkforyou.com/peer/13219/lord_kirkham
18019,"Lord Kirkhope of Harrogate",Conservative,https://www.theyworkforyou.com/peer/18019/lord_kirkhope_of_harrogate
11027,"Lord Knight of Weymouth",Labour,https://www.theyworkforyou.com/peer/11027/lord_knight_of_weymouth
11783,"Baroness Kramer","Liberal Democrat",https://www.theyworkforyou.com/peer/11783/baroness_kramer
13924,"Lord Krebs",Crossbench,https://www.theyworkforyou.com/peer/13924/lord_krebs
13668,"Lord Laming",Crossbench,https://www.theyworkforyou.com/peer/13668/lord_laming
13193,"Lord Lamont of Lerwick",Conservative,https://www.theyworkforyou.com/peer/13193/lord_lamont_of_lerwick
26115,"Baroness Lampard",Conservative,https://www.theyworkforyou.com/peer/26115/baroness_lampard
11715,"Lord Lancaster of Kimbolton",Conservative,https://www.theyworkforyou.com/peer/11715/lord_lancaster_of_kimbolton
25178,"Baroness Lane-Fox of Soho",Crossbench,https://www.theyworkforyou.com/peer/25178/baroness_lane-fox_of_soho
10349,"Lord Lansley",Conservative,https://www.theyworkforyou.com/peer/10349/lord_lansley
26109,"Baroness Lawlor",Conservative,https://www.theyworkforyou.com/peer/26109/baroness_lawlor
25193,"Baroness Lawrence of Clarendon",Labour,https://www.theyworkforyou.com/peer/25193/baroness_lawrence_of_clarendon
13376,"Lord Layard",Labour,https://www.theyworkforyou.com/peer/13376/lord_layard
26103,"Baroness Lea of Lymm",Conservative,https://www.theyworkforyou.com/peer/26103/baroness_lea_of_lymm
25967,"Lord Lebedev",Crossbench,https://www.theyworkforyou.com/peer/25967/lord_lebedev
13724,"Lord Lee of Trafford","Liberal Democrat",https://www.theyworkforyou.com/peer/13724/lord_lee_of_trafford
25263,"the Bishop of Leeds",Bishop,https://www.theyworkforyou.com/peer/25263/bishop_of_leeds
26036,"the Earl of Leicester",Conservative,https://www.theyworkforyou.com/peer/26036/earl_of_leicester
26092,"the Bishop of Leicester",Bishop,https://www.theyworkforyou.com/peer/26092/bishop_of_leicester
25196,"Lord Leigh of Hurley",Conservative,https://www.theyworkforyou.com/peer/25196/lord_leigh_of_hurley
13479,"Lord Leitch",Labour,https://www.theyworkforyou.com/peer/13479/lord_leitch
25243,"Lord Lennie",Labour,https://www.theyworkforyou.com/peer/25243/lord_lennie
26104,"Lord Leong",Labour,https://www.theyworkforyou.com/peer/26104/lord_leong
13587,"Lord Levene of Portsoken",Crossbench,https://www.theyworkforyou.com/peer/13587/lord_levene_of_portsoken
13372,"Lord Levy",Labour,https://www.theyworkforyou.com/peer/13372/lord_levy
25030,"Lord Lexden",Conservative,https://www.theyworkforyou.com/peer/25030/lord_lexden
26097,"the Bishop of Lichfield",Bishop,https://www.theyworkforyou.com/peer/26097/bishop_of_lichfield
10360,"Baroness Liddell of Coatdyke",Labour,https://www.theyworkforyou.com/peer/10360/baroness_liddell_of_coatdyke
24975,"Lord Liddle",Labour,https://www.theyworkforyou.com/peer/24975/lord_liddle
10362,"Lord Lilley",Conservative,https://www.theyworkforyou.com/peer/10362/lord_lilley
25231,"the Bishop of Lincoln",Bishop,https://www.theyworkforyou.com/peer/25231/bishop_of_lincoln
13647,"the Earl of Lindsay",Conservative,https://www.theyworkforyou.com/peer/13647/earl_of_lindsay
25025,"Lord Lingfield",Conservative,https://www.theyworkforyou.com/peer/25025/lord_lingfield
13645,"Lord Lipsey",Labour,https://www.theyworkforyou.com/peer/13645/lord_lipsey
25058,"Baroness Lister of Burtersett",Labour,https://www.theyworkforyou.com/peer/25058/baroness_lister_of_burtersett
25262,"Lord Lisvane",Crossbench,https://www.theyworkforyou.com/peer/25262/lord_lisvane
25477,"Lord Livermore",Labour,https://www.theyworkforyou.com/peer/25477/lord_livermore
13298,"the Earl of Liverpool",Conservative,https://www.theyworkforyou.com/peer/13298/earl_of_liverpool
25184,"Lord Livingston of Parkhead",Conservative,https://www.theyworkforyou.com/peer/25184/lord_livingston_of_parkhead
25707,"Lord Llewellyn of Steep",Conservative,https://www.theyworkforyou.com/peer/25707/lord_llewellyn_of_steep
26037,"Lord Londesborough",Crossbench,https://www.theyworkforyou.com/peer/26037/lord_londesborough
25725,"the Bishop of London",Bishop,https://www.theyworkforyou.com/peer/25725/bishop_of_london
25039,"Lord Loomba",Crossbench,https://www.theyworkforyou.com/peer/25039/lord_loomba
10010,"the Marquess of Lothian",Conservative,https://www.theyworkforyou.com/peer/10010/marquess_of_lothian
13876,"Lord Low of Dalston",Crossbench,https://www.theyworkforyou.com/peer/13876/lord_low_of_dalston
13301,"Lord Lucas",Conservative,https://www.theyworkforyou.com/peer/13301/lord_lucas
13299,"Baroness Ludford","Liberal Democrat",https://www.theyworkforyou.com/peer/13299/baroness_ludford
25466,"Lord Lupton",Non-affiliated,https://www.theyworkforyou.com/peer/25466/lord_lupton
25144,"the Earl of Lytton",Crossbench,https://www.theyworkforyou.com/peer/25144/earl_of_lytton
25006,"Lord Macdonald of River Glaven",Crossbench,https://www.theyworkforyou.com/peer/25006/lord_macdonald_of_river_glaven
13125,"Lord Mackenzie of Framwellgate",Non-affiliated,https://www.theyworkforyou.com/peer/13125/lord_mackenzie_of_framwellgate
25595,"Lord Macpherson of Earl's Court",Crossbench,https://www.theyworkforyou.com/peer/25595/lord_macpherson_of_earl%27s_court
25062,"Lord Magan of Castletown",Conservative,https://www.theyworkforyou.com/peer/25062/lord_magan_of_castletown
10406,"Lord Maginnis of Drumglass","Independent Ulster Unionist",https://www.theyworkforyou.com/peer/10406/lord_maginnis_of_drumglass
25488,"Lord Mair",Crossbench,https://www.theyworkforyou.com/peer/25488/lord_mair
12907,"Baroness Mallalieu",Labour,https://www.theyworkforyou.com/peer/12907/baroness_mallalieu
13929,"Lord Malloch-Brown",Crossbench,https://www.theyworkforyou.com/peer/13929/lord_malloch-brown
13321,"Lord Mance",Judge,https://www.theyworkforyou.com/peer/13321/lord_mance
25958,"the Bishop of Manchester",Bishop,https://www.theyworkforyou.com/peer/25958/bishop_of_manchester
12905,"Lord Mancroft",Conservative,https://www.theyworkforyou.com/peer/12905/lord_mancroft
10412,"Lord Mandelson",Labour,https://www.theyworkforyou.com/peer/10412/lord_mandelson
11093,"Lord Mann",Non-affiliated,https://www.theyworkforyou.com/peer/11093/lord_mann
14133,"Baroness Manningham-Buller",Crossbench,https://www.theyworkforyou.com/peer/14133/baroness_manningham-buller
25190,"Baroness Manzoor",Conservative,https://www.theyworkforyou.com/peer/25190/baroness_manzoor
26093,"Lord Markham",Conservative,https://www.theyworkforyou.com/peer/26093/lord_markham
26297,"Lord Marks of Hale",Conservative,https://www.theyworkforyou.com/peer/26297/lord_marks_of_hale
25035,"Lord Marks of Henley-on-Thames","Liberal Democrat",https://www.theyworkforyou.com/peer/25035/lord_marks_of_henley-on-thames
13723,"Lord Marland",Conservative,https://www.theyworkforyou.com/peer/13723/lord_marland
12902,"Lord Marlesford",Conservative,https://www.theyworkforyou.com/peer/12902/lord_marlesford
10423,"Lord Maude of Horsham",Conservative,https://www.theyworkforyou.com/peer/10423/lord_maude_of_horsham
13925,"Lord Mawson",Crossbench,https://www.theyworkforyou.com/peer/13925/lord_mawson
10425,"Lord Maxton",Labour,https://www.theyworkforyou.com/peer/10425/lord_maxton
13564,"Lord McColl of Dulwich",Conservative,https://www.theyworkforyou.com/peer/13564/lord_mccoll_of_dulwich
14049,"Lord McConnell of Glenscorrodale",Labour,https://www.theyworkforyou.com/peer/14049/lord_mcconnell_of_glenscorrodale
10679,"Lord McCrea of Magherafelt and Cookstown",DUP,https://www.theyworkforyou.com/peer/10679/lord_mccrea_of_magherafelt_and_cookstown
25977,"Lord McDonald of Salford",Crossbench,https://www.theyworkforyou.com/peer/25977/lord_mcdonald_of_salford
10384,"Lord McFall of Alcluith",Non-affiliated,https://www.theyworkforyou.com/peer/10384/lord_mcfall_of_alcluith
25474,"Baroness McGregor-Smith",Conservative,https://www.theyworkforyou.com/peer/25474/baroness_mcgregor-smith
25585,"Lord McInnes of Kilwinning",Conservative,https://www.theyworkforyou.com/peer/25585/lord_mcinnes_of_kilwinning
13121,"Baroness McIntosh of Hudnall",Labour,https://www.theyworkforyou.com/peer/13121/baroness_mcintosh_of_hudnall
10389,"Baroness McIntosh of Pickering",Conservative,https://www.theyworkforyou.com/peer/10389/baroness_mcintosh_of_pickering
10397,"Lord McLoughlin",Conservative,https://www.theyworkforyou.com/peer/10397/lord_mcloughlin
13129,"Lord McNally","Liberal Democrat",https://www.theyworkforyou.com/peer/13129/lord_mcnally
25731,"Lord McNicol of West Kilbride",Labour,https://www.theyworkforyou.com/peer/25731/lord_mcnicol_of_west_kilbride
13885,"Baroness Meacher",Crossbench,https://www.theyworkforyou.com/peer/13885/baroness_meacher
25189,"Lord Mendelsohn",Labour,https://www.theyworkforyou.com/peer/25189/lord_mendelsohn
25952,"Lord Mendoza",Conservative,https://www.theyworkforyou.com/peer/25952/lord_mendoza
25978,"Baroness Merron",Labour,https://www.theyworkforyou.com/peer/25978/baroness_merron
26275,"Lord Meston",Crossbench,https://www.theyworkforyou.com/peer/26275/lord_meston
25732,"Baroness Meyer",Conservative,https://www.theyworkforyou.com/peer/25732/baroness_meyer
13554,"Baroness Miller of Chilthorne Domer","Liberal Democrat",https://www.theyworkforyou.com/peer/13554/baroness_miller_of_chilthorne_domer
26098,"the Earl of Minto",Conservative,https://www.theyworkforyou.com/peer/26098/earl_of_minto
13286,"Lord Mitchell",Labour,https://www.theyworkforyou.com/peer/13286/lord_mitchell
25235,"Baroness Mobarik",Conservative,https://www.theyworkforyou.com/peer/25235/baroness_mobarik
26301,"Baroness Monckton of Dallington Forest",Conservative,https://www.theyworkforyou.com/peer/26301/baroness_monckton_of_dallington_forest
25455,"Baroness Mone",Conservative,https://www.theyworkforyou.com/peer/25455/baroness_mone
25014,"Lord Monks",Labour,https://www.theyworkforyou.com/peer/25014/lord_monks
13289,"the Duke of Montrose",Conservative,https://www.theyworkforyou.com/peer/13289/duke_of_montrose
25953,"Lord Moore of Etchingham",Non-affiliated,https://www.theyworkforyou.com/peer/25953/lord_moore_of_etchingham
13044,"Lord Morgan",Labour,https://www.theyworkforyou.com/peer/13044/lord_morgan
24732,"Baroness Morgan of Cotes",Conservative,https://www.theyworkforyou.com/peer/24732/baroness_morgan_of_cotes
13480,"Baroness Morgan of Drefelin",Crossbench,https://www.theyworkforyou.com/peer/13480/baroness_morgan_of_drefelin
25063,"Baroness Morgan of Ely",Labour,https://www.theyworkforyou.com/peer/25063/baroness_morgan_of_ely
13045,"Baroness Morgan of Huyton",Labour,https://www.theyworkforyou.com/peer/13045/baroness_morgan_of_huyton
13198,"Baroness Morris of Bolton",Conservative,https://www.theyworkforyou.com/peer/13198/baroness_morris_of_bolton
10445,"Baroness Morris of Yardley",Labour,https://www.theyworkforyou.com/peer/10445/baroness_morris_of_yardley
25946,"Baroness Morrissey",Conservative,https://www.theyworkforyou.com/peer/25946/baroness_morrissey
13733,"Lord Morrow",DUP,https://www.theyworkforyou.com/peer/13733/lord_morrow
25982,"Lord Morse",Crossbench,https://www.theyworkforyou.com/peer/25982/lord_morse
26259,"Lord Mott",Conservative,https://www.theyworkforyou.com/peer/26259/lord_mott
25462,"Lord Mountevans",Crossbench,https://www.theyworkforyou.com/peer/25462/lord_mountevans
25947,"Lord Moylan",Conservative,https://www.theyworkforyou.com/peer/25947/lord_moylan
13042,"Lord Moynihan",Conservative,https://www.theyworkforyou.com/peer/13042/lord_moynihan
26286,"Lord Moynihan of Chelsea",Conservative,https://www.theyworkforyou.com/peer/26286/lord_moynihan_of_chelsea
26111,"Baroness Moyo",Conservative,https://www.theyworkforyou.com/peer/26111/baroness_moyo
13482,"Baroness Murphy",Crossbench,https://www.theyworkforyou.com/peer/13482/baroness_murphy
10454,"Lord Murphy of Torfaen",Labour,https://www.theyworkforyou.com/peer/10454/lord_murphy_of_torfaen
26095,"Lord Murray of Blidworth",Conservative,https://www.theyworkforyou.com/peer/26095/lord_murray_of_blidworth
13704,"Lord Naseby",Conservative,https://www.theyworkforyou.com/peer/13704/lord_naseby
25173,"Lord Nash",Conservative,https://www.theyworkforyou.com/peer/25173/lord_nash
13055,"Baroness Neuberger",Crossbench,https://www.theyworkforyou.com/peer/13055/baroness_neuberger
13920,"Lord Neuberger of Abbotsbury",Judge,https://www.theyworkforyou.com/peer/13920/lord_neuberger_of_abbotsbury
13936,"Baroness Neville-Jones",Conservative,https://www.theyworkforyou.com/peer/13936/baroness_neville-jones
25205,"Baroness Neville-Rolfe",Conservative,https://www.theyworkforyou.com/peer/25205/baroness_neville-rolfe
13702,"Lord Newby","Liberal Democrat",https://www.theyworkforyou.com/peer/13702/lord_newby
26273,"the Bishop of Newcastle",Bishop,https://www.theyworkforyou.com/peer/26273/bishop_of_newcastle
24997,"Baroness Newlove",Conservative,https://www.theyworkforyou.com/peer/24997/baroness_newlove
13706,"Baroness Nicholson of Winterbourne",Conservative,https://www.theyworkforyou.com/peer/13706/baroness_nicholson_of_winterbourne
13439,"Baroness Noakes",Conservative,https://www.theyworkforyou.com/peer/13439/baroness_noakes
13151,"the Duke of Norfolk",Non-affiliated,https://www.theyworkforyou.com/peer/13151/duke_of_norfolk
13435,"Lord Northbrook",Conservative,https://www.theyworkforyou.com/peer/13435/lord_northbrook
13434,"Baroness Northover","Liberal Democrat",https://www.theyworkforyou.com/peer/13434/baroness_northover
13441,"Lord Norton of Louth",Conservative,https://www.theyworkforyou.com/peer/13441/lord_norton_of_louth
26279,"the Bishop of Norwich",Bishop,https://www.theyworkforyou.com/peer/26279/bishop_of_norwich
25007,"Baroness Nye",Labour,https://www.theyworkforyou.com/peer/25007/baroness_nye
25152,"Lord O'Donnell",Crossbench,https://www.theyworkforyou.com/peer/25152/lord_o%27donnell
26119,"Baroness O'Grady of Upper Holloway",Labour,https://www.theyworkforyou.com/peer/26119/baroness_o%27grady_of_upper_holloway
24694,"Baroness O'Loan",Crossbench,https://www.theyworkforyou.com/peer/24694/baroness_o%27loan
13167,"Baroness O'Neill of Bengarve",Crossbench,https://www.theyworkforyou.com/peer/13167/baroness_o%27neill_of_bengarve
26110,"Baroness O'Neill of Bexley",Conservative,https://www.theyworkforyou.com/peer/26110/baroness_o%27neill_of_bexley
25444,"Lord O'Neill of Gatley",Crossbench,https://www.theyworkforyou.com/peer/25444/lord_o%27neill_of_gatley
25458,"Lord O'Shaughnessy",Conservative,https://www.theyworkforyou.com/peer/25458/lord_o%27shaughnessy
13442,"Lord Oakeshott of Seagrove Bay",Non-affiliated,https://www.theyworkforyou.com/peer/13442/lord_oakeshott_of_seagrove_bay
25464,"Lord Oates","Liberal Democrat",https://www.theyworkforyou.com/peer/25464/lord_oates
26052,"Lord Offord of Garvel",Conservative,https://www.theyworkforyou.com/peer/26052/lord_offord_of_garvel
25742,"Baroness Osamor",Labour,https://www.theyworkforyou.com/peer/25742/baroness_osamor
13162,"Lord Owen","Independent Social Democrat",https://www.theyworkforyou.com/peer/13162/lord_owen
26267,"Baroness Owen of Alderley Edge",Conservative,https://www.theyworkforyou.com/peer/26267/baroness_owen_of_alderley_edge
25191,"the Bishop of Oxford",Bishop,https://www.theyworkforyou.com/peer/25191/bishop_of_oxford
25251,"the Earl of Oxford and Asquith",Non-affiliated,https://www.theyworkforyou.com/peer/25251/earl_of_oxford_and_asquith
25204,"Lord Paddick","Liberal Democrat",https://www.theyworkforyou.com/peer/25204/lord_paddick
25043,"Lord Palmer of Childs Hill","Liberal Democrat",https://www.theyworkforyou.com/peer/25043/lord_palmer_of_childs_hill
25210,"Lord Palumbo of Southwark","Liberal Democrat",https://www.theyworkforyou.com/peer/25210/lord_palumbo_of_southwark
14143,"Lord Pannick",Crossbench,https://www.theyworkforyou.com/peer/14143/lord_pannick
12947,"Lord Parekh",Labour,https://www.theyworkforyou.com/peer/12947/lord_parekh
25979,"Lord Parker of Minsmere",Crossbench,https://www.theyworkforyou.com/peer/25979/lord_parker_of_minsmere
25786,"Lord Parkinson of Whitley Bay",Conservative,https://www.theyworkforyou.com/peer/25786/lord_parkinson_of_whitley_bay
25002,"Baroness Parminter","Liberal Democrat",https://www.theyworkforyou.com/peer/25002/baroness_parminter
12951,"Lord Patel",Crossbench,https://www.theyworkforyou.com/peer/12951/lord_patel
13739,"Lord Patel of Bradford",Non-affiliated,https://www.theyworkforyou.com/peer/13739/lord_patel_of_bradford
12938,"Lord Patten",Conservative,https://www.theyworkforyou.com/peer/12938/lord_patten
13176,"Lord Patten of Barnes",Conservative,https://www.theyworkforyou.com/peer/13176/lord_patten_of_barnes
13603,"Lord Paul",Non-affiliated,https://www.theyworkforyou.com/peer/13603/lord_paul
26117,"Lord Peach",Crossbench,https://www.theyworkforyou.com/peer/26117/lord_peach
13602,"Lord Pearson of Rannoch",Non-affiliated,https://www.theyworkforyou.com/peer/13602/lord_pearson_of_rannoch
13601,"Earl Peel",Crossbench,https://www.theyworkforyou.com/peer/13601/earl_peel
25783,"Baroness Penn",Conservative,https://www.theyworkforyou.com/peer/25783/baroness_penn
26295,"Lord Petitgas",Conservative,https://www.theyworkforyou.com/peer/26295/lord_petitgas
12943,"Lord Phillips of Worth Matravers",Judge,https://www.theyworkforyou.com/peer/12943/lord_phillips_of_worth_matravers
10477,"Lord Pickles",Conservative,https://www.theyworkforyou.com/peer/10477/lord_pickles
25467,"Baroness Pidding",Conservative,https://www.theyworkforyou.com/peer/25467/baroness_pidding
26645,"Baroness Pidgeon","Liberal Democrat",https://www.theyworkforyou.com/peer/26645/baroness_pidgeon
25244,"Baroness Pinnock","Liberal Democrat",https://www.theyworkforyou.com/peer/25244/baroness_pinnock
13424,"Baroness Pitkeathley",Labour,https://www.theyworkforyou.com/peer/13424/baroness_pitkeathley
25457,"Lord Polak",Conservative,https://www.theyworkforyou.com/peer/25457/lord_polak
12916,"Lord Ponsonby of Shulbrede",Labour,https://www.theyworkforyou.com/peer/12916/lord_ponsonby_of_shulbrede
24995,"Lord Popat",Conservative,https://www.theyworkforyou.com/peer/24995/lord_popat
26289,"Baroness Porter of Fulwood",Conservative,https://www.theyworkforyou.com/peer/26289/baroness_porter_of_fulwood
25469,"Lord Porter of Spalding",Conservative,https://www.theyworkforyou.com/peer/25469/lord_porter_of_spalding
13695,"Lord Powell of Bayswater",Crossbench,https://www.theyworkforyou.com/peer/13695/lord_powell_of_bayswater
13071,"Baroness Prashar",Crossbench,https://www.theyworkforyou.com/peer/13071/baroness_prashar
26116,"Lord Prentis of Leeds",Labour,https://www.theyworkforyou.com/peer/26116/lord_prentis_of_leeds
25487,"Lord Price",Conservative,https://www.theyworkforyou.com/peer/25487/lord_price
10489,"Baroness Primarolo",Labour,https://www.theyworkforyou.com/peer/10489/baroness_primarolo
10490,"Lord Prior of Brampton",Non-affiliated,https://www.theyworkforyou.com/peer/10490/lord_prior_of_brampton
13475,"Baroness Prosser",Labour,https://www.theyworkforyou.com/peer/13475/baroness_prosser
14080,"Lord Purvis of Tweed","Liberal Democrat",https://www.theyworkforyou.com/peer/14080/lord_purvis_of_tweed
13725,"Baroness Quin",Labour,https://www.theyworkforyou.com/peer/13725/baroness_quin
13691,"Baroness Ramsay of Cartvale",Labour,https://www.theyworkforyou.com/peer/13691/baroness_ramsay_of_cartvale
26302,"Baroness Ramsey of Wall Heath",Labour,https://www.theyworkforyou.com/peer/26302/baroness_ramsey_of_wall_heath
10660,"Lord Randall of Uxbridge",Conservative,https://www.theyworkforyou.com/peer/10660/lord_randall_of_uxbridge
25053,"Baroness Randerson","Liberal Democrat",https://www.theyworkforyou.com/peer/25053/baroness_randerson
25788,"Lord Ranger",Conservative,https://www.theyworkforyou.com/peer/25788/lord_ranger
26265,"Lord Ranger of Northwood",Conservative,https://www.theyworkforyou.com/peer/26265/lord_ranger_of_northwood
25745,"Lord Ravensdale",Crossbench,https://www.theyworkforyou.com/peer/25745/lord_ravensdale
13037,"Baroness Rawlings",Conservative,https://www.theyworkforyou.com/peer/13037/baroness_rawlings
13244,"Lord Razzall","Liberal Democrat",https://www.theyworkforyou.com/peer/13244/lord_razzall
25744,"Lord Reay",Conservative,https://www.theyworkforyou.com/peer/25744/lord_reay
25234,"Baroness Rebuck",Labour,https://www.theyworkforyou.com/peer/25234/baroness_rebuck
13031,"Lord Redesdale","Liberal Democrat",https://www.theyworkforyou.com/peer/13031/lord_redesdale
25465,"Baroness Redfern",Conservative,https://www.theyworkforyou.com/peer/25465/baroness_redfern
25932,"Lord Reed of Allermuir",Crossbench,https://www.theyworkforyou.com/peer/25932/lord_reed_of_allermuir
13323,"Lord Rees of Ludlow",Crossbench,https://www.theyworkforyou.com/peer/13323/lord_rees_of_ludlow
10501,"Lord Reid of Cardowan",Labour,https://www.theyworkforyou.com/peer/10501/lord_reid_of_cardowan
26089,"Lord Remnant",Conservative,https://www.theyworkforyou.com/peer/26089/lord_remnant
13277,"Lord Rennard","Liberal Democrat",https://www.theyworkforyou.com/peer/13277/lord_rennard
25229,"Lord Richards of Herstmonceux",Crossbench,https://www.theyworkforyou.com/peer/25229/lord_richards_of_herstmonceux
25609,"Lord Ricketts",Crossbench,https://www.theyworkforyou.com/peer/25609/lord_ricketts
10561,"Lord Risby",Conservative,https://www.theyworkforyou.com/peer/10561/lord_risby
13856,"Baroness Ritchie of Downpatrick",Non-affiliated,https://www.theyworkforyou.com/peer/13856/baroness_ritchie_of_downpatrick
10503,"Lord Robathan",Conservative,https://www.theyworkforyou.com/peer/10503/lord_robathan
26105,"Lord Roberts of Belgravia",Conservative,https://www.theyworkforyou.com/peer/26105/lord_roberts_of_belgravia
13477,"Lord Roberts of Llandudno","Liberal Democrat",https://www.theyworkforyou.com/peer/13477/lord_roberts_of_llandudno
10504,"Lord Robertson of Port Ellen",Labour,https://www.theyworkforyou.com/peer/10504/lord_robertson_of_port_ellen
26099,"Lord Roborough",Conservative,https://www.theyworkforyou.com/peer/26099/lord_roborough
25471,"Baroness Rock",Conservative,https://www.theyworkforyou.com/peer/25471/baroness_rock
13330,"Lord Rogan",UUP,https://www.theyworkforyou.com/peer/13330/lord_rogan
10511,"Lord Rooker",Labour,https://www.theyworkforyou.com/peer/10511/lord_rooker
25248,"Lord Rose of Monewden",Conservative,https://www.theyworkforyou.com/peer/25248/lord_rose_of_monewden
26268,"Lord Rosenfield",Conservative,https://www.theyworkforyou.com/peer/26268/lord_rosenfield
13006,"the Earl of Rosslyn",Crossbench,https://www.theyworkforyou.com/peer/13006/earl_of_rosslyn
10516,"Lord Rowlands",Labour,https://www.theyworkforyou.com/peer/10516/lord_rowlands
13452,"Baroness Royall of Blaisdon",Labour,https://www.theyworkforyou.com/peer/13452/baroness_royall_of_blaisdon
26260,"Earl Russell","Liberal Democrat",https://www.theyworkforyou.com/peer/26260/earl_russell
25260,"Lord Russell of Liverpool",Crossbench,https://www.theyworkforyou.com/peer/25260/lord_russell_of_liverpool
13589,"Lord Saatchi",Conservative,https://www.theyworkforyou.com/peer/13589/lord_saatchi
26106,"Lord Sahota",Labour,https://www.theyworkforyou.com/peer/26106/lord_sahota
25787,"Baroness Sanderson of Welton",Conservative,https://www.theyworkforyou.com/peer/25787/baroness_sanderson_of_welton
26038,"Lord Sandhurst",Conservative,https://www.theyworkforyou.com/peer/26038/lord_sandhurst
25948,"Lord Sarfraz",Conservative,https://www.theyworkforyou.com/peer/25948/lord_sarfraz
24971,"Lord Sassoon",Conservative,https://www.theyworkforyou.com/peer/24971/lord_sassoon
25734,"Baroness Sater",Conservative,https://www.theyworkforyou.com/peer/25734/baroness_sater
13146,"Lord Sawyer",Labour,https://www.theyworkforyou.com/peer/13146/lord_sawyer
13141,"Baroness Scotland of Asthal",Labour,https://www.theyworkforyou.com/peer/13141/baroness_scotland_of_asthal
25468,"Baroness Scott of Bybrook",Conservative,https://www.theyworkforyou.com/peer/25468/baroness_scott_of_bybrook
13143,"Baroness Scott of Needham Market","Liberal Democrat",https://www.theyworkforyou.com/peer/13143/baroness_scott_of_needham_market
25242,"Lord Scriven","Liberal Democrat",https://www.theyworkforyou.com/peer/25242/lord_scriven
13144,"Baroness Seccombe",Conservative,https://www.theyworkforyou.com/peer/13144/baroness_seccombe
25954,"Lord Sedwill",Crossbench,https://www.theyworkforyou.com/peer/25954/lord_sedwill
13714,"Lord Sentamu",Crossbench,https://www.theyworkforyou.com/peer/13714/lord_sentamu
26121,"Lord Sewell of Sanderstead",Conservative,https://www.theyworkforyou.com/peer/26121/lord_sewell_of_sanderstead
25029,"Baroness Shackleton of Belgravia",Conservative,https://www.theyworkforyou.com/peer/25029/baroness_shackleton_of_belgravia
25962,"Baroness Shafik",Crossbench,https://www.theyworkforyou.com/peer/25962/baroness_shafik
26293,"Lord Shamash",Labour,https://www.theyworkforyou.com/peer/26293/lord_shamash
25022,"Lord Sharkey","Liberal Democrat",https://www.theyworkforyou.com/peer/25022/lord_sharkey
25955,"Lord Sharpe of Epsom",Conservative,https://www.theyworkforyou.com/peer/25955/lord_sharpe_of_epsom
25460,"Baroness Sheehan","Liberal Democrat",https://www.theyworkforyou.com/peer/25460/baroness_sheehan
26122,"the Bishop of Sheffield",Bishop,https://www.theyworkforyou.com/peer/26122/bishop_of_sheffield
10536,"Baroness Shephard of Northwold",Conservative,https://www.theyworkforyou.com/peer/10536/baroness_shephard_of_northwold
25203,"Lord Sherbourne of Didsbury",Conservative,https://www.theyworkforyou.com/peer/25203/lord_sherbourne_of_didsbury
24982,"Baroness Sherlock",Labour,https://www.theyworkforyou.com/peer/24982/baroness_sherlock
25236,"Baroness Shields",Conservative,https://www.theyworkforyou.com/peer/25236/baroness_shields
25470,"Lord Shinkwin",Conservative,https://www.theyworkforyou.com/peer/25470/lord_shinkwin
25000,"Lord Shipley","Liberal Democrat",https://www.theyworkforyou.com/peer/25000/lord_shipley
13152,"the Earl of Shrewsbury",Conservative,https://www.theyworkforyou.com/peer/13152/earl_of_shrewsbury
25956,"Lord Sikka",Labour,https://www.theyworkforyou.com/peer/25956/lord_sikka
25148,"Lord Singh of Wimbledon",Crossbench,https://www.theyworkforyou.com/peer/25148/lord_singh_of_wimbledon
13463,"Lord Skidelsky",Crossbench,https://www.theyworkforyou.com/peer/13463/lord_skidelsky
10546,"Baroness Smith of Basildon",Labour,https://www.theyworkforyou.com/peer/10546/baroness_smith_of_basildon
10547,"Lord Smith of Finsbury",Non-affiliated,https://www.theyworkforyou.com/peer/10547/lord_smith_of_finsbury
13324,"Baroness Smith of Gilmorehill",Labour,https://www.theyworkforyou.com/peer/13324/baroness_smith_of_gilmorehill
25453,"Lord Smith of Hindhead",Conservative,https://www.theyworkforyou.com/peer/25453/lord_smith_of_hindhead
14136,"Lord Smith of Kelvin",Crossbench,https://www.theyworkforyou.com/peer/14136/lord_smith_of_kelvin
26303,"Baroness Smith of Llanfaes","Plaid Cymru",https://www.theyworkforyou.com/peer/26303/baroness_smith_of_llanfaes
10549,"Baroness Smith of Malvern",Labour,https://www.theyworkforyou.com/peer/10549/baroness_smith_of_malvern
25238,"Baroness Smith of Newnham","Liberal Democrat",https://www.theyworkforyou.com/peer/25238/baroness_smith_of_newnham
10554,"Lord Snape",Labour,https://www.theyworkforyou.com/peer/10554/lord_snape
10555,"Lord Soames of Fletching",Conservative,https://www.theyworkforyou.com/peer/10555/lord_soames_of_fletching
25261,"the Duke of Somerset",Crossbench,https://www.theyworkforyou.com/peer/25261/duke_of_somerset
25258,"the Bishop of Southwark",Bishop,https://www.theyworkforyou.com/peer/25258/bishop_of_southwark
26063,"the Bishop of Southwell and Nottingham",Bishop,https://www.theyworkforyou.com/peer/26063/bishop_of_southwell_and_nottingham
10558,"Lord Spellar",Labour,https://www.theyworkforyou.com/peer/10558/lord_spellar
25957,"Lord Spencer of Alresford",Conservative,https://www.theyworkforyou.com/peer/25957/lord_spencer_of_alresford
25211,"the Bishop of St Albans",Bishop,https://www.theyworkforyou.com/peer/25211/bishop_of_st_albans
26058,"the Bishop of St Edmundsbury and Ipswich",Bishop,https://www.theyworkforyou.com/peer/26058/bishop_of_st_edmundsbury_and_ipswich
13625,"Lord St John of Bletso",Crossbench,https://www.theyworkforyou.com/peer/13625/lord_st_john_of_bletso
14129,"the Earl of Stair",Crossbench,https://www.theyworkforyou.com/peer/14129/earl_of_stair
26044,"Viscount Stansgate",Labour,https://www.theyworkforyou.com/peer/26044/viscount_stansgate
25001,"Baroness Stedman-Scott",Conservative,https://www.theyworkforyou.com/peer/25001/baroness_stedman-scott
14101,"Lord Stephen","Liberal Democrat",https://www.theyworkforyou.com/peer/14101/lord_stephen
13338,"Lord Sterling of Plaistow",Conservative,https://www.theyworkforyou.com/peer/13338/lord_sterling_of_plaistow
13385,"Baroness Stern",Crossbench,https://www.theyworkforyou.com/peer/13385/baroness_stern
14125,"Lord Stern of Brentford",Crossbench,https://www.theyworkforyou.com/peer/14125/lord_stern_of_brentford
26043,"Lord Stevens of Birmingham",Crossbench,https://www.theyworkforyou.com/peer/26043/lord_stevens_of_birmingham
13150,"Lord Stevens of Kirkwhelpington",Crossbench,https://www.theyworkforyou.com/peer/13150/lord_stevens_of_kirkwhelpington
13384,"Lord Stevens of Ludgate","Conservative Independent",https://www.theyworkforyou.com/peer/13384/lord_stevens_of_ludgate
24999,"Lord Stevenson of Balmacara",Labour,https://www.theyworkforyou.com/peer/24999/lord_stevenson_of_balmacara
25964,"Lord Stewart of Dirleton",Conservative,https://www.theyworkforyou.com/peer/25964/lord_stewart_of_dirleton
25057,"Lord Stirrup",Crossbench,https://www.theyworkforyou.com/peer/25057/lord_stirrup
13630,"Lord Stone of Blackheath",Non-affiliated,https://www.theyworkforyou.com/peer/13630/lord_stone_of_blackheath
25052,"Lord Stoneham of Droxford","Liberal Democrat",https://www.theyworkforyou.com/peer/25052/lord_stoneham_of_droxford
25060,"Lord Storey","Liberal Democrat",https://www.theyworkforyou.com/peer/25060/lord_storey
25032,"Baroness Stowell of Beeston",Non-affiliated,https://www.theyworkforyou.com/peer/25032/baroness_stowell_of_beeston
25026,"Lord Strasburger","Liberal Democrat",https://www.theyworkforyou.com/peer/25026/lord_strasburger
26060,"Lord Strathcarron",Conservative,https://www.theyworkforyou.com/peer/26060/lord_strathcarron
13203,"Lord Strathclyde",Conservative,https://www.theyworkforyou.com/peer/13203/lord_strathclyde
25459,"Baroness Stroud",Conservative,https://www.theyworkforyou.com/peer/25459/baroness_stroud
10577,"Baroness Stuart of Edgbaston",Non-affiliated,https://www.theyworkforyou.com/peer/10577/baroness_stuart_of_edgbaston
24692,"Lord Sugar",Crossbench,https://www.theyworkforyou.com/peer/24692/lord_sugar
25586,"Baroness Sugg",Conservative,https://www.theyworkforyou.com/peer/25586/baroness_sugg
25232,"Lord Suri",Conservative,https://www.theyworkforyou.com/peer/25232/lord_suri
25198,"Baroness Suttie","Liberal Democrat",https://www.theyworkforyou.com/peer/25198/baroness_suttie
26261,"Baroness Swinburne",Conservative,https://www.theyworkforyou.com/peer/26261/baroness_swinburne
11265,"Lord Swire",Conservative,https://www.theyworkforyou.com/peer/11265/lord_swire
13206,"Baroness Symons of Vernham Dean",Labour,https://www.theyworkforyou.com/peer/13206/baroness_symons_of_vernham_dean
26308,"Lord Tarassenko",Crossbench,https://www.theyworkforyou.com/peer/26308/lord_tarassenko
13208,"Lord Taverne","Liberal Democrat",https://www.theyworkforyou.com/peer/13208/lord_taverne
10584,"Baroness Taylor of Bolton",Labour,https://www.theyworkforyou.com/peer/10584/baroness_taylor_of_bolton
10590,"Lord Taylor of Goss Moor","Liberal Democrat",https://www.theyworkforyou.com/peer/10590/lord_taylor_of_goss_moor
13720,"Lord Taylor of Holbeach",Conservative,https://www.theyworkforyou.com/peer/13720/lord_taylor_of_holbeach
26102,"Baroness Taylor of Stevenage",Labour,https://www.theyworkforyou.com/peer/26102/baroness_taylor_of_stevenage
13194,"Lord Taylor of Warwick",Non-affiliated,https://www.theyworkforyou.com/peer/13194/lord_taylor_of_warwick
13732,"Lord Teverson","Liberal Democrat",https://www.theyworkforyou.com/peer/13732/lord_teverson
25217,"Lord Thomas of Cwmgiedd",Judge,https://www.theyworkforyou.com/peer/25217/lord_thomas_of_cwmgiedd
12974,"Lord Thomas of Gresford","Liberal Democrat",https://www.theyworkforyou.com/peer/12974/lord_thomas_of_gresford
13728,"Baroness Thomas of Winchester","Liberal Democrat",https://www.theyworkforyou.com/peer/13728/baroness_thomas_of_winchester
25478,"Baroness Thornhill","Liberal Democrat",https://www.theyworkforyou.com/peer/25478/baroness_thornhill
13543,"Baroness Thornton",Labour,https://www.theyworkforyou.com/peer/13543/baroness_thornton
25264,"Lord Thurlow",Crossbench,https://www.theyworkforyou.com/peer/25264/lord_thurlow
11280,"Viscount Thurso","Liberal Democrat",https://www.theyworkforyou.com/peer/11280/viscount_thurso
26643,"Lord Timpson",Labour,https://www.theyworkforyou.com/peer/26643/lord_timpson
13542,"Lord Tope","Liberal Democrat",https://www.theyworkforyou.com/peer/13542/lord_tope
10600,"Lord Touhig",Labour,https://www.theyworkforyou.com/peer/10600/lord_touhig
25162,"Lord Trees",Crossbench,https://www.theyworkforyou.com/peer/25162/lord_trees
13540,"Lord Trefgarne",Conservative,https://www.theyworkforyou.com/peer/13540/lord_trefgarne
13177,"Viscount Trenchard",Conservative,https://www.theyworkforyou.com/peer/13177/viscount_trenchard
25463,"Lord Trevethin and Oaksey",Crossbench,https://www.theyworkforyou.com/peer/25463/lord_trevethin_and_oaksey
12839,"Lord Triesman",Labour,https://www.theyworkforyou.com/peer/12839/lord_triesman
25028,"Lord True",Conservative,https://www.theyworkforyou.com/peer/25028/lord_true
12845,"Lord Truscott",Non-affiliated,https://www.theyworkforyou.com/peer/12845/lord_truscott
13536,"Lord Tugendhat",Conservative,https://www.theyworkforyou.com/peer/13536/lord_tugendhat
12836,"Lord Tunnicliffe",Labour,https://www.theyworkforyou.com/peer/12836/lord_tunnicliffe
13272,"Lord Turnberg",Labour,https://www.theyworkforyou.com/peer/13272/lord_turnberg
13716,"Lord Turnbull",Crossbench,https://www.theyworkforyou.com/peer/13716/lord_turnbull
13320,"Lord Turner of Ecchinswell",Crossbench,https://www.theyworkforyou.com/peer/13320/lord_turner_of_ecchinswell
25770,"Baroness Twycross",Labour,https://www.theyworkforyou.com/peer/25770/baroness_twycross
25056,"Baroness Tyler of Enfield","Liberal Democrat",https://www.theyworkforyou.com/peer/25056/baroness_tyler_of_enfield
10613,"Lord Tyrie",Non-affiliated,https://www.theyworkforyou.com/peer/10613/lord_tyrie
13274,"Baroness Uddin",Non-affiliated,https://www.theyworkforyou.com/peer/13274/baroness_uddin
25965,"Lord Udny-Lister",Conservative,https://www.theyworkforyou.com/peer/25965/lord_udny-lister
13931,"Baroness Vadera",Non-affiliated,https://www.theyworkforyou.com/peer/13931/baroness_vadera
11905,"Lord Vaizey of Didcot",Conservative,https://www.theyworkforyou.com/peer/11905/lord_vaizey_of_didcot
13315,"Baroness Valentine",Crossbench,https://www.theyworkforyou.com/peer/13315/baroness_valentine
26641,"Lord Vallance of Balham",Labour,https://www.theyworkforyou.com/peer/26641/lord_vallance_of_balham
25717,"Lord Vaux of Harrowden",Crossbench,https://www.theyworkforyou.com/peer/25717/lord_vaux_of_harrowden
26107,"Lord Verdirame",Non-affiliated,https://www.theyworkforyou.com/peer/26107/lord_verdirame
25587,"Baroness Vere of Norbiton",Conservative,https://www.theyworkforyou.com/peer/25587/baroness_vere_of_norbiton
25197,"Lord Verjee","Liberal Democrat",https://www.theyworkforyou.com/peer/25197/lord_verjee
13730,"Baroness Verma",Conservative,https://www.theyworkforyou.com/peer/13730/baroness_verma
13114,"Lord Wakeham",Conservative,https://www.theyworkforyou.com/peer/13114/lord_wakeham
13115,"Lord Waldegrave of North Hill",Conservative,https://www.theyworkforyou.com/peer/13115/lord_waldegrave_of_north_hill
13890,"Lord Walker of Aldringham",Crossbench,https://www.theyworkforyou.com/peer/13890/lord_walker_of_aldringham
13112,"Lord Wallace of Saltaire","Liberal Democrat",https://www.theyworkforyou.com/peer/13112/lord_wallace_of_saltaire
13940,"Lord Wallace of Tankerness",Non-affiliated,https://www.theyworkforyou.com/peer/13940/lord_wallace_of_tankerness
13113,"Baroness Walmsley","Liberal Democrat",https://www.theyworkforyou.com/peer/13113/baroness_walmsley
24837,"Lord Walney",Non-affiliated,https://www.theyworkforyou.com/peer/24837/lord_walney
13937,"Baroness Warsi",Conservative,https://www.theyworkforyou.com/peer/13937/baroness_warsi
12894,"Baroness Warwick of Undercliffe",Labour,https://www.theyworkforyou.com/peer/12894/baroness_warwick_of_undercliffe
25037,"Lord Wasserman",Conservative,https://www.theyworkforyou.com/peer/25037/lord_wasserman
25481,"Baroness Watkins of Tavistock",Crossbench,https://www.theyworkforyou.com/peer/25481/baroness_watkins_of_tavistock
12893,"Lord Watson of Invergowrie",Labour,https://www.theyworkforyou.com/peer/12893/lord_watson_of_invergowrie
11309,"Lord Watson of Wyre Forest",Labour,https://www.theyworkforyou.com/peer/11309/lord_watson_of_wyre_forest
10625,"Lord Watts",Labour,https://www.theyworkforyou.com/peer/10625/lord_watts
12899,"Viscount Waverley",Crossbench,https://www.theyworkforyou.com/peer/12899/viscount_waverley
24970,"Lord Wei",Conservative,https://www.theyworkforyou.com/peer/24970/lord_wei
26113,"Lord Weir of Ballyholme",DUP,https://www.theyworkforyou.com/peer/26113/lord_weir_of_ballyholme
25454,"the Duke of Wellington",Crossbench,https://www.theyworkforyou.com/peer/25454/duke_of_wellington
13928,"Lord West of Spithead",Labour,https://www.theyworkforyou.com/peer/13928/lord_west_of_spithead
24930,"Lord Wharton of Yarm",Conservative,https://www.theyworkforyou.com/peer/24930/lord_wharton_of_yarm
25031,"Baroness Wheatcroft",Crossbench,https://www.theyworkforyou.com/peer/25031/baroness_wheatcroft
24998,"Baroness Wheeler",Labour,https://www.theyworkforyou.com/peer/24998/baroness_wheeler
12957,"Baroness Whitaker",Labour,https://www.theyworkforyou.com/peer/12957/baroness_whitaker
25195,"Lord Whitby",Conservative,https://www.theyworkforyou.com/peer/25195/lord_whitby
12958,"Lord Whitty",Labour,https://www.theyworkforyou.com/peer/12958/lord_whitty
10635,"Lord Wigley","Plaid Cymru",https://www.theyworkforyou.com/peer/10635/lord_wigley
25789,"Baroness Wilcox of Newport",Labour,https://www.theyworkforyou.com/peer/25789/baroness_wilcox_of_newport
10637,"Lord Willetts",Conservative,https://www.theyworkforyou.com/peer/10637/lord_willetts
25213,"Baroness Williams of Trafford",Conservative,https://www.theyworkforyou.com/peer/25213/baroness_williams_of_trafford
10641,"Lord Willis of Knaresborough","Liberal Democrat",https://www.theyworkforyou.com/peer/10641/lord_willis_of_knaresborough
26088,"Baroness Willis of Summertown",Crossbench,https://www.theyworkforyou.com/peer/26088/baroness_willis_of_summertown
10642,"Lord Wills",Labour,https://www.theyworkforyou.com/peer/10642/lord_wills
13616,"Lord Wilson of Dinton",Crossbench,https://www.theyworkforyou.com/peer/13616/lord_wilson_of_dinton
26282,"the Bishop of Winchester",Bishop,https://www.theyworkforyou.com/peer/26282/bishop_of_winchester
13620,"Lord Winston",Labour,https://www.theyworkforyou.com/peer/13620/lord_winston
10648,"Baroness Winterton of Doncaster",Labour,https://www.theyworkforyou.com/peer/10648/baroness_winterton_of_doncaster
25259,"Baroness Wolf of Dulwich",Non-affiliated,https://www.theyworkforyou.com/peer/25259/baroness_wolf_of_dulwich
24988,"Lord Wolfson of Aspley Guise",Conservative,https://www.theyworkforyou.com/peer/24988/lord_wolfson_of_aspley_guise
25969,"Lord Wolfson of Tredegar",Conservative,https://www.theyworkforyou.com/peer/25969/lord_wolfson_of_tredegar
25044,"Lord Wood of Anfield",Labour,https://www.theyworkforyou.com/peer/25044/lord_wood_of_anfield
25966,"Lord Woodley",Labour,https://www.theyworkforyou.com/peer/25966/lord_woodley
13615,"Lord Woolf",Crossbench,https://www.theyworkforyou.com/peer/13615/lord_woolf
25782,"Lord Woolley of Woodford",Crossbench,https://www.theyworkforyou.com/peer/25782/lord_woolley_of_woodford
25155,"the Bishop of Worcester",Bishop,https://www.theyworkforyou.com/peer/25155/bishop_of_worcester
25059,"Baroness Worthington",Crossbench,https://www.theyworkforyou.com/peer/25059/baroness_worthington
19579,"Lord Wrigglesworth","Liberal Democrat",https://www.theyworkforyou.com/peer/19579/lord_wrigglesworth
26090,"Lord Wrottesley",Conservative,https://www.theyworkforyou.com/peer/26090/lord_wrottesley
25708,"Baroness Wyld",Conservative,https://www.theyworkforyou.com/peer/25708/baroness_wyld
25224,"the Archbishop of York",Bishop,https://www.theyworkforyou.com/peer/25224/archbishop_of_york
10659,"Lord Young of Cookham",Conservative,https://www.theyworkforyou.com/peer/10659/lord_young_of_cookham
13048,"Baroness Young of Hornsey",Crossbench,https://www.theyworkforyou.com/peer/13048/baroness_young_of_hornsey
13450,"Lord Young of Norwood Green",Labour,https://www.theyworkforyou.com/peer/13450/lord_young_of_norwood_green
13030,"Baroness Young of Old Scone",Labour,https://www.theyworkforyou.com/peer/13030/baroness_young_of_old_scone
26258,"Lord Young of Old Windsor",Non-affiliated,https://www.theyworkforyou.com/peer/26258/lord_young_of_old_windsor
24992,"Viscount Younger of Leckie",Conservative,https://www.theyworkforyou.com/peer/24992/viscount_younger_of_leckie
26274,"Lord de Clifford",Crossbench,https://www.theyworkforyou.com/peer/26274/lord_de_clifford
13173,"Lord de Mauley",Conservative,https://www.theyworkforyou.com/peer/13173/lord_de_mauley
